mirakeller,tiger5158
johanduke,watermelon1825
londoncunningham,tiger3211
clairemelton,ninja0238
kareemgarrison,lemon0472
kylerferrell,apple7894
camryncarver,banana2463
edithcampbell,chocolate5021
reedglover,dragonfly6758
cailynhobbs,elephant1239
jademosley,flamingo8742
deandredaugherty,giraffe5906
dallaspruitt,honeybee3157
makhrobertson,iguana4089
markwalsh,jaguar7361
kamdenblack,koala9824
andrewhale,leopard1670
katelynnodom,mango2548
franciscodalton,narwhal7015
estherdavenport,octopus8392
tommybeltran,penguin4603
aedanpennington,quokka5729
danielafoley,raccoon1936
kolkerr,sloth8104
juniorcunningham,toucan6492
daniellacoleman,unicorn7250
shelbyboyd,vulture2871
patiencechoi,walrus9347
westonwolfe,xrayfish5186
nataliatate,yak2065
monserratweiss,zebra7534
lennonmacdonald,albatross4198
alinamueller,butterfly8642
giancarlomatthews,caterpillar2917
martinphelps,dolphin5079
ronaldmcintosh,eagle9403
lenajoseph,flamingo6281
tayloravery,gazelle1530
jadonhoffman,hedgehog4867
bensutton,iguana7192
jadynfowler,jellyfish8354
alexisbartlett,kangaroo2648
cristinaponce,lemur9715
lindseywilkerson,meerkat3826
ximenamarsh,newt5490
braxtonhoover,opossum7163
quinnray,panda4289
geraldcummings,quokka1937
hallesnow,raccoon6502
kristinford,seahorse8241
londynsolomon,tigerlily1094
khloehardy,umbrellabird2678
rowanruiz,vulture5036
terrellpetty,walrus7185
iangilbert,x-rayfish8342
asahunt,yak1697
rodolforussell,zebra4260
jamalberg,albatross7531
jermaineherring,butterfly2984
rodrigoacosta,caterpillar6173
aubreygibbs,dolphin9405
donnaduke,eagle1246
mariahewing,flamingo3592
amelieburch,gazelle6827
aadenglover,hedgehog9154
laneyhorne,iguana2408
hannashaffer,jellyfish5731
chaseschmitt,kangaroo8064
maleahshannon,lemur1297
sagestewart,meerkat4528
naomibender,newt7756
georgiamclean,opossum1083
jaylenvilla,panda4319
bryanlang,quokka7542
claragentry,raccoon0771
teaganblevins,seahorse3904
tessfrye,tigerlily6132
emmagallagher,umbrellabird9367
paigevelasquez,vulture2594
matthiaspatton,walrus5821
terryevans,x-rayfish9058
genesisstrong,yak2283
casonsandoval,zebra5510
angelineschultz,albatross8743
brynleenash,butterfly1976
maddisondawson,caterpillar5209
anastasiahendrix,dolphin8437
erickvillarreal,eagle1665
ahmedshelton,flamingo4892
samarakaufman,gazelle8120
daphneharvey,hedgehog1347
aleenaunderwood,iguana4574
charlizeelliott,jellyfish7801
santosrivers,kangaroo1028
tanyasheppard,lemur4255
abrilholder,meerkat7482
ashlycastaneda,newt0710
justicebauer,opossum3937
jeffreygrant,panda7164
mariedunlap,quokka0391
noahdavis,raccoon3618
averyholloway,seahorse6845
noelmoran,tigerlily9072
austinmichael,umbrellabird2309
bellabryan,vulture5536
ciarafuentes,walrus8763
alessandracastro,x-rayfish1990
leroyhobbs,yak5217
laytonspence,zebra8444
ashlynnhayes,albatross1671
freddymiddleton,butterfly4898
virginiawallace,caterpillar8125
lillieparsons,dolphin1352
walterlawrence,eagle4580
solomoncamacho,flamingo7807
alexushuynh,gazelle1039
wyatthaas,hedgehog4266
jaydonsawyer,iguana7493
claremcdonald,jellyfish0720
bennettmullins,kangaroo3947
brendonbrewer,lemur7174
laceypitts,meerkat0401
edwardfrost,newt3628
waylonbarnett,opossum6855
sandrafrederick,panda9082
abbigailgreene,quokka2309
anikablake,raccoon5536
jaidenrodriguez,seahorse8763
laurelkhan,tigerlily1990
emelyflynn,umbrellabird5217
kalebmacias,vulture8444
oriongriffith,walrus1671
alexanderpittman,xrayfish4898
jensenkent,yak8125
frederickgraham,zebra1352
urielreese,albatross4580
makailawheeler,butterfly7807
johnnycobb,caterpillar1034
amandastout,dolphin4261
ernestlong,eagle7498
paytonhouston,flamingo0725
bentleyhuff,gazelle3952
evangelinewoodard,hedgehog7179
bryantking,iguana0406
edwinstephens,jellyfish3633
christinesimon,kangaroo6860
braedontorres,lemur9087
michealdickerson,meerkat2314
derekglass,newt5541
caitlynhenry,opossum8768
shanestokes,panda1995
stephenpatterson,quokka5222
mauriciojohns,raccoon8459
jandelacruz,seahorse1686
caseywhitney,tigerlily4913
kelsiebarron,umbrellabird8140
roydouglas,vulture1367
shilohwatson,walrus4594
ainsleygray,xrayfish7821
madisondean,yak1048
mariyahtapia,zebra4275
charliedixon,albatross7502
tayloralexander,butterfly0739
briawilkinson,caterpillar3966
kierrawerner,dolphin7193
levichapman,eagle0420
felixjensen,flamingo3647
reyhendricks,gazelle6874
gradycarlson,hedgehog9101
braelynlozano,iguana2328
paulareyes,jellyfish5555
marielabird,kangaroo8782
kasonvillanueva,lemur2009
gunnerpetersen,meerkat5236
zairejennings,newt8463
malakibarrett,opossum1690
jayvonsanders,panda4917
keyongarrison,quokka8144
carlycollins,raccoon1371
ceciliacastillo,seahorse4598
aubriehammond,tigerlily7825
reesewong,umbrellabird1052
sophiecarter,vulture4289
aidanhorn,walrus7516
violetgriffin,xrayfish0743
jaydenmays,yak3970
charlierobles,zebra7197
kellymolina,albatross0424
rykersalinas,butterfly3651
konnerflores,caterpillar6878
kiarajhansen,dolphin9105
mylesolavson,eagle2332
kennedygunnar,flamingo5569
helenasamsung,gazelle8796
gilliangjerdingen,hedgehog2023
selenahansen,iguana5250
kamrynhansen,jellyfish8477
mathiashansen,kangaroo1704
samirhansen,lemur4931
kristopherhansen,meerkat8158